[{"model": "admin.logentry", "pk": 1, "fields": {"action_time": "2021-04-04T21:53:29.117Z", "user": 1, "content_type": 7, "object_id": "1", "object_repr": "Selmi Abderrahim", "action_flag": 1, "change_message": "[{\"added\": {}}]"}}, {"model": "admin.logentry", "pk": 2, "fields": {"action_time": "2021-04-04T21:55:06.472Z", "user": 1, "content_type": 8, "object_id": "1", "object_repr": "Programming", "action_flag": 1, "change_message": "[{\"added\": {}}]"}}, {"model": "admin.logentry", "pk": 3, "fields": {"action_time": "2021-04-04T21:55:10.908Z", "user": 1, "content_type": 8, "object_id": "2", "object_repr": "Coding", "action_flag": 1, "change_message": "[{\"added\": {}}]"}}, {"model": "admin.logentry", "pk": 4, "fields": {"action_time": "2021-04-04T21:55:15.654Z", "user": 1, "content_type": 8, "object_id": "3", "object_repr": "AI", "action_flag": 1, "change_message": "[{\"added\": {}}]"}}, {"model": "admin.logentry", "pk": 5, "fields": {"action_time": "2021-04-04T21:56:18.929Z", "user": 1, "content_type": 9, "object_id": "1", "object_repr": "What do you think about Django?", "action_flag": 1, "change_message": "[{\"added\": {}}]"}}, {"model": "admin.logentry", "pk": 6, "fields": {"action_time": "2021-04-04T22:21:56.650Z", "user": 1, "content_type": 8, "object_id": "1", "object_repr": "Programming", "action_flag": 2, "change_message": "[{\"changed\": {\"fields\": [\"Description\"]}}]"}}, {"model": "admin.logentry", "pk": 7, "fields": {"action_time": "2021-04-05T14:22:03.027Z", "user": 1, "content_type": 16, "object_id": "1", "object_repr": "A comment for the first post.", "action_flag": 1, "change_message": "[{\"added\": {}}]"}}, {"model": "admin.logentry", "pk": 8, "fields": {"action_time": "2021-04-05T14:22:18.255Z", "user": 1, "content_type": 17, "object_id": "1", "object_repr": "A reply for the first comment.", "action_flag": 1, "change_message": "[{\"added\": {}}]"}}, {"model": "admin.logentry", "pk": 9, "fields": {"action_time": "2021-04-05T14:22:24.235Z", "user": 1, "content_type": 16, "object_id": "1", "object_repr": "A comment for the first post.", "action_flag": 2, "change_message": "[{\"changed\": {\"fields\": [\"Replies\"]}}]"}}, {"model": "admin.logentry", "pk": 10, "fields": {"action_time": "2021-04-05T14:22:35.507Z", "user": 1, "content_type": 9, "object_id": "1", "object_repr": "What do you think about Django?", "action_flag": 2, "change_message": "[{\"changed\": {\"fields\": [\"Comments\"]}}]"}}, {"model": "admin.logentry", "pk": 11, "fields": {"action_time": "2021-04-05T14:36:28.677Z", "user": 1, "content_type": 17, "object_id": "2", "object_repr": "Another reply.", "action_flag": 1, "change_message": "[{\"added\": {}}]"}}, {"model": "admin.logentry", "pk": 12, "fields": {"action_time": "2021-04-05T14:36:30.029Z", "user": 1, "content_type": 16, "object_id": "1", "object_repr": "A comment for the first post.", "action_flag": 2, "change_message": "[{\"changed\": {\"fields\": [\"Replies\"]}}]"}}, {"model": "admin.logentry", "pk": 13, "fields": {"action_time": "2021-04-23T16:46:11.203Z", "user": 1, "content_type": 9, "object_id": "2", "object_repr": "ezyze", "action_flag": 3, "change_message": ""}}, {"model": "admin.logentry", "pk": 14, "fields": {"action_time": "2021-04-23T16:46:48.468Z", "user": 1, "content_type": 9, "object_id": "3", "object_repr": "new post from the trmplate", "action_flag": 2, "change_message": "[{\"changed\": {\"fields\": [\"Content\", \"Approved\"]}}]"}}, {"model": "admin.logentry", "pk": 15, "fields": {"action_time": "2021-04-23T16:55:06.375Z", "user": 1, "content_type": 9, "object_id": "4", "object_repr": "Holiday Monster Cookies", "action_flag": 2, "change_message": "[{\"changed\": {\"fields\": [\"Content\", \"Approved\"]}}]"}}, {"model": "admin.logentry", "pk": 16, "fields": {"action_time": "2021-06-18T08:10:28.996Z", "user": 1, "content_type": 9, "object_id": "12", "object_repr": "Long time no see", "action_flag": 2, "change_message": "[{\"changed\": {\"fields\": [\"Content\", \"Approved\"]}}]"}}, {"model": "admin.logentry", "pk": 17, "fields": {"action_time": "2021-06-18T09:40:50.681Z", "user": 1, "content_type": 9, "object_id": "8", "object_repr": "post number 3", "action_flag": 2, "change_message": "[{\"changed\": {\"fields\": [\"Content\", \"Closed\"]}}]"}}, {"model": "admin.logentry", "pk": 18, "fields": {"action_time": "2021-06-18T09:43:56.286Z", "user": 1, "content_type": 9, "object_id": "8", "object_repr": "post number 3", "action_flag": 2, "change_message": "[{\"changed\": {\"fields\": [\"Comments\"]}}]"}}, {"model": "admin.logentry", "pk": 19, "fields": {"action_time": "2021-07-30T23:00:43.964Z", "user": 8, "content_type": 4, "object_id": "7", "object_repr": "baha", "action_flag": 3, "change_message": ""}}, {"model": "admin.logentry", "pk": 20, "fields": {"action_time": "2021-07-30T23:03:26.492Z", "user": 8, "content_type": 9, "object_id": "13", "object_repr": "laravel", "action_flag": 3, "change_message": ""}}, {"model": "admin.logentry", "pk": 21, "fields": {"action_time": "2021-07-30T23:04:41.027Z", "user": 8, "content_type": 8, "object_id": "4", "object_repr": "Jokes", "action_flag": 1, "change_message": "[{\"added\": {}}]"}}, {"model": "admin.logentry", "pk": 22, "fields": {"action_time": "2021-07-31T08:22:49.119Z", "user": 8, "content_type": 9, "object_id": "12", "object_repr": "Long time no see", "action_flag": 3, "change_message": ""}}, {"model": "admin.logentry", "pk": 23, "fields": {"action_time": "2021-07-31T08:23:38.970Z", "user": 8, "content_type": 9, "object_id": "3", "object_repr": "new post from the trmplate", "action_flag": 3, "change_message": ""}}, {"model": "admin.logentry", "pk": 24, "fields": {"action_time": "2021-08-01T16:07:26.111Z", "user": 8, "content_type": 9, "object_id": "1", "object_repr": "What do you think about Django?", "action_flag": 2, "change_message": "[{\"changed\": {\"fields\": [\"User\"]}}]"}}, {"model": "admin.logentry", "pk": 25, "fields": {"action_time": "2021-08-01T16:19:09.547Z", "user": 8, "content_type": 9, "object_id": "1", "object_repr": "What do you think about Django?", "action_flag": 3, "change_message": ""}}, {"model": "admin.logentry", "pk": 26, "fields": {"action_time": "2021-08-02T19:03:19.732Z", "user": 8, "content_type": 9, "object_id": "20", "object_repr": "Learn", "action_flag": 2, "change_message": "[{\"changed\": {\"fields\": [\"Content\", \"Approved\"]}}]"}}, {"model": "admin.logentry", "pk": 27, "fields": {"action_time": "2021-08-02T20:06:01.924Z", "user": 8, "content_type": 9, "object_id": "18", "object_repr": "Jokes", "action_flag": 2, "change_message": "[{\"changed\": {\"fields\": [\"Content\", \"Approved\"]}}]"}}, {"model": "admin.logentry", "pk": 28, "fields": {"action_time": "2021-08-04T20:00:05.993Z", "user": 8, "content_type": 16, "object_id": "14", "object_repr": "fuck u glory", "action_flag": 3, "change_message": ""}}, {"model": "admin.logentry", "pk": 29, "fields": {"action_time": "2021-08-04T20:00:06.012Z", "user": 8, "content_type": 16, "object_id": "13", "object_repr": "dont type shit here", "action_flag": 3, "change_message": ""}}, {"model": "admin.logentry", "pk": 30, "fields": {"action_time": "2021-08-04T20:00:06.032Z", "user": 8, "content_type": 16, "object_id": "11", "object_repr": "fuck you too bitch", "action_flag": 3, "change_message": ""}}, {"model": "auth.permission", "pk": 1, "fields": {"name": "Can add log entry", "content_type": 1, "codename": "add_logentry"}}, {"model": "auth.permission", "pk": 2, "fields": {"name": "Can change log entry", "content_type": 1, "codename": "change_logentry"}}, {"model": "auth.permission", "pk": 3, "fields": {"name": "Can delete log entry", "content_type": 1, "codename": "delete_logentry"}}, {"model": "auth.permission", "pk": 4, "fields": {"name": "Can view log entry", "content_type": 1, "codename": "view_logentry"}}, {"model": "auth.permission", "pk": 5, "fields": {"name": "Can add permission", "content_type": 2, "codename": "add_permission"}}, {"model": "auth.permission", "pk": 6, "fields": {"name": "Can change permission", "content_type": 2, "codename": "change_permission"}}, {"model": "auth.permission", "pk": 7, "fields": {"name": "Can delete permission", "content_type": 2, "codename": "delete_permission"}}, {"model": "auth.permission", "pk": 8, "fields": {"name": "Can view permission", "content_type": 2, "codename": "view_permission"}}, {"model": "auth.permission", "pk": 9, "fields": {"name": "Can add group", "content_type": 3, "codename": "add_group"}}, {"model": "auth.permission", "pk": 10, "fields": {"name": "Can change group", "content_type": 3, "codename": "change_group"}}, {"model": "auth.permission", "pk": 11, "fields": {"name": "Can delete group", "content_type": 3, "codename": "delete_group"}}, {"model": "auth.permission", "pk": 12, "fields": {"name": "Can view group", "content_type": 3, "codename": "view_group"}}, {"model": "auth.permission", "pk": 13, "fields": {"name": "Can add user", "content_type": 4, "codename": "add_user"}}, {"model": "auth.permission", "pk": 14, "fields": {"name": "Can change user", "content_type": 4, "codename": "change_user"}}, {"model": "auth.permission", "pk": 15, "fields": {"name": "Can delete user", "content_type": 4, "codename": "delete_user"}}, {"model": "auth.permission", "pk": 16, "fields": {"name": "Can view user", "content_type": 4, "codename": "view_user"}}, {"model": "auth.permission", "pk": 17, "fields": {"name": "Can add content type", "content_type": 5, "codename": "add_contenttype"}}, {"model": "auth.permission", "pk": 18, "fields": {"name": "Can change content type", "content_type": 5, "codename": "change_contenttype"}}, {"model": "auth.permission", "pk": 19, "fields": {"name": "Can delete content type", "content_type": 5, "codename": "delete_contenttype"}}, {"model": "auth.permission", "pk": 20, "fields": {"name": "Can view content type", "content_type": 5, "codename": "view_contenttype"}}, {"model": "auth.permission", "pk": 21, "fields": {"name": "Can add session", "content_type": 6, "codename": "add_session"}}, {"model": "auth.permission", "pk": 22, "fields": {"name": "Can change session", "content_type": 6, "codename": "change_session"}}, {"model": "auth.permission", "pk": 23, "fields": {"name": "Can delete session", "content_type": 6, "codename": "delete_session"}}, {"model": "auth.permission", "pk": 24, "fields": {"name": "Can view session", "content_type": 6, "codename": "view_session"}}, {"model": "auth.permission", "pk": 25, "fields": {"name": "Can add author", "content_type": 7, "codename": "add_author"}}, {"model": "auth.permission", "pk": 26, "fields": {"name": "Can change author", "content_type": 7, "codename": "change_author"}}, {"model": "auth.permission", "pk": 27, "fields": {"name": "Can delete author", "content_type": 7, "codename": "delete_author"}}, {"model": "auth.permission", "pk": 28, "fields": {"name": "Can view author", "content_type": 7, "codename": "view_author"}}, {"model": "auth.permission", "pk": 29, "fields": {"name": "Can add category", "content_type": 8, "codename": "add_category"}}, {"model": "auth.permission", "pk": 30, "fields": {"name": "Can change category", "content_type": 8, "codename": "change_category"}}, {"model": "auth.permission", "pk": 31, "fields": {"name": "Can delete category", "content_type": 8, "codename": "delete_category"}}, {"model": "auth.permission", "pk": 32, "fields": {"name": "Can view category", "content_type": 8, "codename": "view_category"}}, {"model": "auth.permission", "pk": 33, "fields": {"name": "Can add post", "content_type": 9, "codename": "add_post"}}, {"model": "auth.permission", "pk": 34, "fields": {"name": "Can change post", "content_type": 9, "codename": "change_post"}}, {"model": "auth.permission", "pk": 35, "fields": {"name": "Can delete post", "content_type": 9, "codename": "delete_post"}}, {"model": "auth.permission", "pk": 36, "fields": {"name": "Can view post", "content_type": 9, "codename": "view_post"}}, {"model": "auth.permission", "pk": 37, "fields": {"name": "Can add tag", "content_type": 10, "codename": "add_tag"}}, {"model": "auth.permission", "pk": 38, "fields": {"name": "Can change tag", "content_type": 10, "codename": "change_tag"}}, {"model": "auth.permission", "pk": 39, "fields": {"name": "Can delete tag", "content_type": 10, "codename": "delete_tag"}}, {"model": "auth.permission", "pk": 40, "fields": {"name": "Can view tag", "content_type": 10, "codename": "view_tag"}}, {"model": "auth.permission", "pk": 41, "fields": {"name": "Can add tagged item", "content_type": 11, "codename": "add_taggeditem"}}, {"model": "auth.permission", "pk": 42, "fields": {"name": "Can change tagged item", "content_type": 11, "codename": "change_taggeditem"}}, {"model": "auth.permission", "pk": 43, "fields": {"name": "Can delete tagged item", "content_type": 11, "codename": "delete_taggeditem"}}, {"model": "auth.permission", "pk": 44, "fields": {"name": "Can view tagged item", "content_type": 11, "codename": "view_taggeditem"}}, {"model": "auth.permission", "pk": 45, "fields": {"name": "Can add Blacklisted IP", "content_type": 12, "codename": "add_blacklistip"}}, {"model": "auth.permission", "pk": 46, "fields": {"name": "Can change Blacklisted IP", "content_type": 12, "codename": "change_blacklistip"}}, {"model": "auth.permission", "pk": 47, "fields": {"name": "Can delete Blacklisted IP", "content_type": 12, "codename": "delete_blacklistip"}}, {"model": "auth.permission", "pk": 48, "fields": {"name": "Can view Blacklisted IP", "content_type": 12, "codename": "view_blacklistip"}}, {"model": "auth.permission", "pk": 49, "fields": {"name": "Can add Blacklisted User Agent", "content_type": 13, "codename": "add_blacklistuseragent"}}, {"model": "auth.permission", "pk": 50, "fields": {"name": "Can change Blacklisted User Agent", "content_type": 13, "codename": "change_blacklistuseragent"}}, {"model": "auth.permission", "pk": 51, "fields": {"name": "Can delete Blacklisted User Agent", "content_type": 13, "codename": "delete_blacklistuseragent"}}, {"model": "auth.permission", "pk": 52, "fields": {"name": "Can view Blacklisted User Agent", "content_type": 13, "codename": "view_blacklistuseragent"}}, {"model": "auth.permission", "pk": 53, "fields": {"name": "Can add hit", "content_type": 14, "codename": "add_hit"}}, {"model": "auth.permission", "pk": 54, "fields": {"name": "Can change hit", "content_type": 14, "codename": "change_hit"}}, {"model": "auth.permission", "pk": 55, "fields": {"name": "Can delete hit", "content_type": 14, "codename": "delete_hit"}}, {"model": "auth.permission", "pk": 56, "fields": {"name": "Can view hit", "content_type": 14, "codename": "view_hit"}}, {"model": "auth.permission", "pk": 57, "fields": {"name": "Can add hit count", "content_type": 15, "codename": "add_hitcount"}}, {"model": "auth.permission", "pk": 58, "fields": {"name": "Can change hit count", "content_type": 15, "codename": "change_hitcount"}}, {"model": "auth.permission", "pk": 59, "fields": {"name": "Can delete hit count", "content_type": 15, "codename": "delete_hitcount"}}, {"model": "auth.permission", "pk": 60, "fields": {"name": "Can view hit count", "content_type": 15, "codename": "view_hitcount"}}, {"model": "auth.permission", "pk": 61, "fields": {"name": "Can add comment", "content_type": 16, "codename": "add_comment"}}, {"model": "auth.permission", "pk": 62, "fields": {"name": "Can change comment", "content_type": 16, "codename": "change_comment"}}, {"model": "auth.permission", "pk": 63, "fields": {"name": "Can delete comment", "content_type": 16, "codename": "delete_comment"}}, {"model": "auth.permission", "pk": 64, "fields": {"name": "Can view comment", "content_type": 16, "codename": "view_comment"}}, {"model": "auth.permission", "pk": 65, "fields": {"name": "Can add reply", "content_type": 17, "codename": "add_reply"}}, {"model": "auth.permission", "pk": 66, "fields": {"name": "Can change reply", "content_type": 17, "codename": "change_reply"}}, {"model": "auth.permission", "pk": 67, "fields": {"name": "Can delete reply", "content_type": 17, "codename": "delete_reply"}}, {"model": "auth.permission", "pk": 68, "fields": {"name": "Can view reply", "content_type": 17, "codename": "view_reply"}}, {"model": "auth.user", "pk": 1, "fields": {"password": "pbkdf2_sha256$216000$AB3qgWRmhcLZ$pKtOaIvXZIb8qMN5uGmaYp3XYhSR7Tdixr09mFMHAMA=", "last_login": "2021-06-18T08:08:54.231Z", "is_superuser": true, "username": "admin", "first_name": "", "last_name": "", "email": "", "is_staff": true, "is_active": true, "date_joined": "2021-04-04T21:50:50.175Z", "groups": [], "user_permissions": []}}, {"model": "auth.user", "pk": 2, "fields": {"password": "pbkdf2_sha256$216000$oCcYsjo9h0uu$aKnuNQ7kvTQeGeQoq2N+uACyLkeKYCCL14JAZSLaA0c=", "last_login": "2021-06-18T08:11:05.922Z", "is_superuser": false, "username": "test", "first_name": "", "last_name": "", "email": "", "is_staff": false, "is_active": true, "date_joined": "2021-04-23T15:43:55.468Z", "groups": [], "user_permissions": []}}, {"model": "auth.user", "pk": 3, "fields": {"password": "pbkdf2_sha256$216000$Z2k60GRQGpEO$TepxE9VxkbWDnzdFr5gZpI3qADjAZxWSD0z7+C0ayo4=", "last_login": "2021-04-23T16:09:54.366Z", "is_superuser": false, "username": "new", "first_name": "", "last_name": "", "email": "", "is_staff": false, "is_active": true, "date_joined": "2021-04-23T16:09:53.918Z", "groups": [], "user_permissions": []}}, {"model": "auth.user", "pk": 4, "fields": {"password": "pbkdf2_sha256$216000$UAyDJgaxFxuT$Ivm7PuMY8hfwQQ1ccOrJ1ZTiz1qlucgqYh9GY9VXs9k=", "last_login": "2021-04-23T16:54:02.371Z", "is_superuser": false, "username": "new_user", "first_name": "", "last_name": "", "email": "", "is_staff": false, "is_active": true, "date_joined": "2021-04-23T16:54:01.688Z", "groups": [], "user_permissions": []}}, {"model": "auth.user", "pk": 5, "fields": {"password": "pbkdf2_sha256$216000$6mPmTduIN9M1$xdJ9Hqk4vEDAFwJL564lPkupB2TSGUvRVAbAC2HFgsM=", "last_login": "2021-06-18T08:19:47.573Z", "is_superuser": false, "username": "charlos", "first_name": "", "last_name": "", "email": "", "is_staff": false, "is_active": true, "date_joined": "2021-06-18T08:19:47.404Z", "groups": [], "user_permissions": []}}, {"model": "auth.user", "pk": 6, "fields": {"password": "pbkdf2_sha256$260000$xRIh0HW8hosx2WqOjtYrm8$jGvQGYrqips4zh28r/gTSul/Kp1H5nwrke+Ik6la9/A=", "last_login": "2021-07-30T18:12:24.711Z", "is_superuser": false, "username": "baltizer", "first_name": "", "last_name": "", "email": "", "is_staff": false, "is_active": true, "date_joined": "2021-07-30T17:31:14.475Z", "groups": [], "user_permissions": []}}, {"model": "auth.user", "pk": 8, "fields": {"password": "pbkdf2_sha256$216000$NxQ7wxUNYnr5$Tp9GL5BGdvYQXHWCL5589A96utK5khEyIAIICiioFmE=", "last_login": "2021-08-04T19:59:26.493Z", "is_superuser": true, "username": "bala", "first_name": "", "last_name": "", "email": "mama.m1605462@st.futminna.edu.ng", "is_staff": true, "is_active": true, "date_joined": "2021-07-30T22:57:23.361Z", "groups": [], "user_permissions": []}}, {"model": "auth.user", "pk": 9, "fields": {"password": "pbkdf2_sha256$260000$p039P9T739g6FVxE6XK2HH$xsm46gxDItFUfd4k1FRBFzHJQTNHZeglSP+Q1DZ+DLY=", "last_login": "2021-07-31T11:21:53.568Z", "is_superuser": false, "username": "obed", "first_name": "", "last_name": "", "email": "", "is_staff": false, "is_active": true, "date_joined": "2021-07-31T11:21:53.221Z", "groups": [], "user_permissions": []}}, {"model": "auth.user", "pk": 10, "fields": {"password": "pbkdf2_sha256$260000$EF7aZCvYxtIwagBaAuKqtf$I6ZZ1Nx4kh2sXUgCPByIIyEuwcqke0O0pLsQZoibovw=", "last_login": "2021-07-31T16:46:30.385Z", "is_superuser": false, "username": "test123", "first_name": "", "last_name": "", "email": "", "is_staff": false, "is_active": true, "date_joined": "2021-07-31T16:46:29.726Z", "groups": [], "user_permissions": []}}, {"model": "auth.user", "pk": 11, "fields": {"password": "pbkdf2_sha256$260000$N26I9iAYg1pgAiDnJb6puQ$4Kba5zmRBrnMuRMl4XIzRYzz6kEhkIJaRfyarJP5+ZA=", "last_login": "2021-07-31T22:07:36.953Z", "is_superuser": false, "username": "simon", "first_name": "", "last_name": "", "email": "", "is_staff": false, "is_active": true, "date_joined": "2021-07-31T22:07:36.304Z", "groups": [], "user_permissions": []}}, {"model": "auth.user", "pk": 12, "fields": {"password": "pbkdf2_sha256$216000$DboBRnhqduWJ$m/sVf1OrjeFdmOQA9WlclJaIj1zuLQMx8dieBIuAOco=", "last_login": "2021-08-03T14:32:45.799Z", "is_superuser": false, "username": "drizzy", "first_name": "", "last_name": "", "email": "", "is_staff": false, "is_active": true, "date_joined": "2021-08-01T16:09:05.348Z", "groups": [], "user_permissions": []}}, {"model": "auth.user", "pk": 13, "fields": {"password": "pbkdf2_sha256$216000$wLOC3WeyKqUg$tj0meE61u9nvle0GLYH8IHEtNdLqNQZKxlau59Q1fkE=", "last_login": "2021-08-09T11:11:48.470Z", "is_superuser": false, "username": "retzam", "first_name": "", "last_name": "", "email": "", "is_staff": false, "is_active": true, "date_joined": "2021-08-01T16:31:13.261Z", "groups": [], "user_permissions": []}}, {"model": "contenttypes.contenttype", "pk": 1, "fields": {"app_label": "admin", "model": "logentry"}}, {"model": "contenttypes.contenttype", "pk": 2, "fields": {"app_label": "auth", "model": "permission"}}, {"model": "contenttypes.contenttype", "pk": 3, "fields": {"app_label": "auth", "model": "group"}}, {"model": "contenttypes.contenttype", "pk": 4, "fields": {"app_label": "auth", "model": "user"}}, {"model": "contenttypes.contenttype", "pk": 5, "fields": {"app_label": "contenttypes", "model": "contenttype"}}, {"model": "contenttypes.contenttype", "pk": 6, "fields": {"app_label": "sessions", "model": "session"}}, {"model": "contenttypes.contenttype", "pk": 7, "fields": {"app_label": "main", "model": "author"}}, {"model": "contenttypes.contenttype", "pk": 8, "fields": {"app_label": "main", "model": "category"}}, {"model": "contenttypes.contenttype", "pk": 9, "fields": {"app_label": "main", "model": "post"}}, {"model": "contenttypes.contenttype", "pk": 10, "fields": {"app_label": "taggit", "model": "tag"}}, {"model": "contenttypes.contenttype", "pk": 11, "fields": {"app_label": "taggit", "model": "taggeditem"}}, {"model": "contenttypes.contenttype", "pk": 12, "fields": {"app_label": "hitcount", "model": "blacklistip"}}, {"model": "contenttypes.contenttype", "pk": 13, "fields": {"app_label": "hitcount", "model": "blacklistuseragent"}}, {"model": "contenttypes.contenttype", "pk": 14, "fields": {"app_label": "hitcount", "model": "hit"}}, {"model": "contenttypes.contenttype", "pk": 15, "fields": {"app_label": "hitcount", "model": "hitcount"}}, {"model": "contenttypes.contenttype", "pk": 16, "fields": {"app_label": "main", "model": "comment"}}, {"model": "contenttypes.contenttype", "pk": 17, "fields": {"app_label": "main", "model": "reply"}}, {"model": "sessions.session", "pk": "1fnwvzg8z1l8gqdrd63i5rwtwtzarrsm", "fields": {"session_data": ".eJxVjMsOwiAQRf-FtSFAebp07zeQgRmkaiAp7cr479qkC93ec859sQjbWuM2aIkzsjOT7PS7JcgPajvAO7Rb57m3dZkT3xV-0MGvHel5Ody_gwqjfuuCkzLGm1C0TUGQDBaKAldELk66IMARuiTQTEJoo4O0hdCS9pm80oq9P9lCN4U:1lTAeI:pgq5bAA56QxCmjZfO1OYltd9n2dEyJMc4XERNXxG9Gg", "expire_date": "2021-04-18T21:51:14.969Z"}}, {"model": "sessions.session", "pk": "blcgilsl7gpx1twgi8o9yff3y3jwro4m", "fields": {"session_data": ".eJxVjEEOwiAQRe_C2hCZUgZcuvcMBBhGqgaS0q6Md7dNutDtf-_9t_BhXYpfe579ROIiRnH63WJIz1x3QI9Q702mVpd5inJX5EG7vDXKr-vh_h2U0MtW51ERW2RWysYBdDbJjqghnsEgaxeAVQJi5dAiGrAmR6bB0eZiUE58vtsqN2Q:1lu9j9:1bgHCvFBokWmcgE9LwDuz6OZO_3pv1WY4RCrOOQb9tI", "expire_date": "2021-07-02T08:19:47.581Z"}}, {"model": "sessions.session", "pk": "blp7reu3mwuylnuws2m82tlohhqv00og", "fields": {"session_data": "e30:1mADvl:TtVWF7q7Fou7WUNhpTIRg9jPU3c4QR6O6oBsPTroiOM", "expire_date": "2021-08-15T16:03:13.383Z"}}, {"model": "sessions.session", "pk": "czi2h1efoasuh6fc5dhn2x2r60hu6jte", "fields": {"session_data": ".eJxVjEEOwiAQRe_C2hAHRmFcuu8ZmmEAqRpISrsy3l2bdKHb_977LzXyupRx7Wkep6guCtXhdwssj1Q3EO9cb01Lq8s8Bb0peqddDy2m53V3_w4K9_KthS2SIfH5aIID7wQsukBikSnbgNEjQMJTzBSEyCKwj4hgrJzBo3p_ANMrNx4:1lZz46:x5rTXn9IA5uUfAYfc52eIHasAAJoKBFdmzJQjL9s_FA", "expire_date": "2021-05-07T16:54:02.516Z"}}, {"model": "sessions.session", "pk": "d32xowtrimc1kj7bpm59xbweyln2xm5t", "fields": {"session_data": ".eJxVjEEOwiAQRe_C2hAG6IAu3fcMZIBBqoYmpV0Z765NutDtf-_9lwi0rTVsnZcwZXERIE6_W6T04LaDfKd2m2Wa27pMUe6KPGiX45z5eT3cv4NKvX5rZs3ROgQkiA7ZM2ryVoExlNBFcybrCRQBKCgWQQ-pDJZLJqWTMeL9AdnkN34:1lZxyR:2JnX1foRrfWsjlsN_8ZkoAhqGm0e2eZtyxEFV-UQz7w", "expire_date": "2021-05-07T15:44:07.882Z"}}, {"model": "sessions.session", "pk": "l4x5pu7ulkwiyt6vc48xfvba5mc17j69", "fields": {"session_data": ".eJxVjEsOAiEQBe_C2pCWPy7dewZCd6OMGkjmszLeXUlmoduqeu8lUt7WmralzGlicRJKHH4ZZnqUNgTfc7t1Sb2t84RyJHK3i7x0Ls_z3v4d1LzUsb5aYPJoEEwoyhlQEQJwRHBslPVBh-K8RlQ6KB-oHFmT-xKwkTiK9wfJcTbv:1lu9aj:s8qy8ZQDL5jXXC33SzI5mg0GmDGxBcbKk2cGEhOdALI", "expire_date": "2021-07-02T08:11:05.928Z"}}, {"model": "sessions.session", "pk": "moh8zlvpc5p6027e9b3piyndlfcmd0f9", "fields": {"session_data": "e30:1mAE8v:Wu8-J0G-Kz_9zNXu1jcokLBI17XMxcEwVlOo9OwcXPM", "expire_date": "2021-08-15T16:16:49.494Z"}}, {"model": "sessions.session", "pk": "nfnnb97s840bvry62jw2au4tctx1y4mq", "fields": {"session_data": ".eJxVjEEOwiAQRe_C2hAG6IAu3fcMZIBBqoYmpV0Z765NutDtf-_9lwi0rTVsnZcwZXERIE6_W6T04LaDfKd2m2Wa27pMUe6KPGiX45z5eT3cv4NKvX5rZs3ROgQkiA7ZM2ryVoExlNBFcybrCRQBKCgWQQ-pDJZLJqWTMeL9AdnkN34:1lu9Yc:DI__OqlFGwTn5wxhOSYpN7S8Kol36GeMS3l5SCBh2zs", "expire_date": "2021-07-02T08:08:54.236Z"}}, {"model": "sessions.session", "pk": "siqtlkoco8kdehxembb9vf1rfmognyei", "fields": {"session_data": ".eJxVjEsOAiEQBe_C2pCWPy7dewZCd6OMGkjmszLeXUlmoduqeu8lUt7WmralzGlicRJKHH4ZZnqUNgTfc7t1Sb2t84RyJHK3i7x0Ls_z3v4d1LzUsb5aYPJoEEwoyhlQEQJwRHBslPVBh-K8RlQ6KB-oHFmT-xKwkTiK9wfJcTbv:1lZxyG:1Mc3MfA7rC3KR0Qz9zFI9Biosr68mq6ElF8Yc2fh0ps", "expire_date": "2021-05-07T15:43:56.324Z"}}, {"model": "sessions.session", "pk": "sk1ryvwhgwo0dim1ndi5a0y1kn9sn7q1", "fields": {"session_data": "e30:1mAv2R:MszlG4Vr9sTVFhdazQe2RvPRAAzo7BVzBE_Xvkqeq60", "expire_date": "2021-08-17T14:04:59.675Z"}}, {"model": "sessions.session", "pk": "u4wa0v62929yb6ajva4l2ecgsi5cl20x", "fields": {"session_data": ".eJxVjDkOwjAURO_iGlleghdKes5g_cXGAeRIcVIh7k4ipYBimnlv5i0SrEtNa89zGllcRBCn3w6BnrntgB_Q7pOkqS3ziHJX5EG7vE2cX9fD_Tuo0Ou2PlsmsJCdA02Dy9EQbckRAbigNkZ5GzQF5jLYYNAXDehDsMqrGI34fAELbjg0:1m9jtd:5E8L_V0YAuER2wY6TqUt09PlP116K96OubpYPynFePY", "expire_date": "2021-08-14T07:59:01.298Z"}}, {"model": "sessions.session", "pk": "w08bcvmleoporje75ruzfdtcj9e6j959", "fields": {"session_data": ".eJxVjMEOwiAQRP-FsyGQbUvx6N1vILvsIlUDSWlPjf9um_Sgx5n3ZjYVcF1yWJvMYWJ1VV5dfjvC-JJyAH5ieVQda1nmifSh6JM2fa8s79vp_h1kbHlfAxuPFgxINxIYdiDe9aN0bg-JwA1kE4pYEbLcoSOPkGLPTJCGwarPF-ahOJE:1m9n3x:XyCL5XNI8sooRepuAM-i2YaSF83JrJm4TrTUTeY1tZk", "expire_date": "2021-08-14T11:21:53.584Z"}}, {"model": "main.author", "pk": 1, "fields": {"user": 1, "fullname": "Selmi Abderrahim", "slug": "selmi-abderrahim", "bio": "<p>Something about the author.</p>", "points": 0, "profile_pic": "authors/man-156584_1280.apng"}}, {"model": "main.author", "pk": 2, "fields": {"user": 3, "fullname": "new user", "slug": "new-user", "bio": "Just anything about yourself.", "points": 0, "profile_pic": ""}}, {"model": "main.author", "pk": 3, "fields": {"user": 4, "fullname": "A New USer", "slug": "a-new-user", "bio": "Some information about me.", "points": 0, "profile_pic": "authors/cat-5852139_640.jpeg"}}, {"model": "main.author", "pk": 4, "fields": {"user": 5, "fullname": "Charlos Monro", "slug": "charlos-monro", "bio": "Something about myself.", "points": 0, "profile_pic": "authors/man-6259830_640.jpeg"}}, {"model": "main.author", "pk": 5, "fields": {"user": 6, "fullname": "mama", "slug": "mama", "bio": "busyvyaubdsd", "points": 0, "profile_pic": "authors/WhatsApp_Image_2021-07-30_at_5.24.50_PM.jpeg"}}, {"model": "main.author", "pk": 7, "fields": {"user": 9, "fullname": "julius", "slug": "julius", "bio": "assddeafrf", "points": 0, "profile_pic": ""}}, {"model": "main.author", "pk": 8, "fields": {"user": 10, "fullname": "David Onuh", "slug": "david-onuh", "bio": "snldfksdfsdfds", "points": 0, "profile_pic": ""}}, {"model": "main.author", "pk": 9, "fields": {"user": 11, "fullname": "templar", "slug": "templar", "bio": "young and bold", "points": 0, "profile_pic": "authors/IMG-20200424-WA0012.jpeg"}}, {"model": "main.author", "pk": 10, "fields": {"user": 12, "fullname": "drizzycool", "slug": "drizzycool", "bio": "an IMT student", "points": 0, "profile_pic": "authors/20200211_144929_ENw7aHz.jpeg"}}, {"model": "main.author", "pk": 11, "fields": {"user": 13, "fullname": "retzam", "slug": "retzam", "bio": "i am trapster", "points": 0, "profile_pic": "authors/IMG_1359.jpeg"}}, {"model": "main.category", "pk": 1, "fields": {"title": "Programming", "slug": "programming", "description": "description about programming field."}}, {"model": "main.category", "pk": 2, "fields": {"title": "Coding", "slug": "coding", "description": "description"}}, {"model": "main.category", "pk": 3, "fields": {"title": "AI", "slug": "ai", "description": "description"}}, {"model": "main.category", "pk": 4, "fields": {"title": "Jokes", "slug": "joking", "description": "all about jokes"}}, {"model": "main.reply", "pk": 1, "fields": {"user": 1, "content": "A reply for the first comment.", "date": "2021-04-05T14:22:18.253Z"}}, {"model": "main.reply", "pk": 2, "fields": {"user": 1, "content": "Another reply.", "date": "2021-04-05T14:36:28.677Z"}}, {"model": "main.reply", "pk": 3, "fields": {"user": 1, "content": "our first reply from the template.", "date": "2021-04-25T18:36:51.197Z"}}, {"model": "main.reply", "pk": 4, "fields": {"user": 1, "content": "new reply", "date": "2021-04-25T20:27:48.117Z"}}, {"model": "main.reply", "pk": 5, "fields": {"user": 11, "content": "few what?", "date": "2021-08-02T16:23:08.122Z"}}, {"model": "main.reply", "pk": 6, "fields": {"user": 10, "content": "are you stupid?", "date": "2021-08-02T20:04:28.485Z"}}, {"model": "main.reply", "pk": 7, "fields": {"user": 11, "content": "dont use such words", "date": "2021-08-03T14:36:05.005Z"}}, {"model": "main.reply", "pk": 8, "fields": {"user": 11, "content": "what is a female dog called?\r\n", "date": "2021-08-04T21:07:07.268Z"}}, {"model": "main.comment", "pk": 1, "fields": {"user": 1, "content": "A comment for the first post.", "date": "2021-04-05T14:22:03.024Z", "replies": [1, 2]}}, {"model": "main.comment", "pk": 2, "fields": {"user": 1, "content": "ezytgzy", "date": "2021-04-25T18:20:36.442Z", "replies": []}}, {"model": "main.comment", "pk": 3, "fields": {"user": 1, "content": "A new comment from the template.", "date": "2021-04-25T18:20:47.448Z", "replies": [3]}}, {"model": "main.comment", "pk": 4, "fields": {"user": 1, "content": "new comment", "date": "2021-04-25T20:27:39.343Z", "replies": [4]}}, {"model": "main.comment", "pk": 5, "fields": {"user": 4, "content": "Hey bro.", "date": "2021-06-18T08:20:32.016Z", "replies": []}}, {"model": "main.comment", "pk": 6, "fields": {"user": 1, "content": "let's add a comment.", "date": "2021-06-18T09:45:51.082Z", "replies": []}}, {"model": "main.comment", "pk": 7, "fields": {"user": 8, "content": "lnb m", "date": "2021-07-31T17:06:18.446Z", "replies": []}}, {"model": "main.comment", "pk": 8, "fields": {"user": 9, "content": "few", "date": "2021-07-31T22:09:12.360Z", "replies": [5]}}, {"model": "main.comment", "pk": 9, "fields": {"user": 10, "content": "what about this post?\r\n", "date": "2021-08-01T16:10:19.678Z", "replies": []}}, {"model": "main.comment", "pk": 10, "fields": {"user": 11, "content": "ai is a wide field", "date": "2021-08-01T16:34:06.614Z", "replies": []}}, {"model": "main.comment", "pk": 12, "fields": {"user": 10, "content": "stop the use of such words on this forum\r\nshit as such isnt allowed", "date": "2021-08-01T18:17:31.066Z", "replies": []}}, {"model": "main.comment", "pk": 15, "fields": {"user": 10, "content": "this comment contains profane words such as stupid and  idiot", "date": "2021-08-01T21:11:44.182Z", "replies": []}}, {"model": "main.comment", "pk": 16, "fields": {"user": 10, "content": "this post has the word shit in it and fuck", "date": "2021-08-01T21:12:33.479Z", "replies": []}}, {"model": "main.comment", "pk": 17, "fields": {"user": 10, "content": "shit is wrong here", "date": "2021-08-02T18:56:02.872Z", "replies": [6]}}, {"model": "main.comment", "pk": 18, "fields": {"user": 10, "content": "hello pussycat", "date": "2021-08-02T20:11:41.185Z", "replies": [8]}}, {"model": "main.comment", "pk": 19, "fields": {"user": 11, "content": "this is shit ", "date": "2021-08-03T14:34:54.787Z", "replies": [7]}}, {"model": "main.comment", "pk": 20, "fields": {"user": 11, "content": "i fuck for a living", "date": "2021-08-09T11:12:10.264Z", "replies": []}}, {"model": "main.post", "pk": 4, "fields": {"title": "Holiday Monster Cookies", "slug": "holiday-monster-cookies", "user": 3, "content": "<p>The content of the post</p>", "date": "2021-04-23T16:54:53.406Z", "approved": true, "closed": false, "state": "zero", "categories": [1], "comments": [8, 15, 16]}}, {"model": "main.post", "pk": 5, "fields": {"title": "new post for ai", "slug": "new-post-for-ai", "user": 1, "content": "Description for AI post", "date": "2021-04-25T18:13:14.786Z", "approved": true, "closed": false, "state": "zero", "categories": [3], "comments": [5, 9]}}, {"model": "main.post", "pk": 6, "fields": {"title": "post number 1", "slug": "post-number-1", "user": 1, "content": "content of the first post.", "date": "2021-04-25T20:02:57.249Z", "approved": true, "closed": false, "state": "zero", "categories": [1], "comments": [6]}}, {"model": "main.post", "pk": 7, "fields": {"title": "post number 2", "slug": "post-number-2", "user": 1, "content": "content of post number 2", "date": "2021-04-25T20:03:17.508Z", "approved": true, "closed": false, "state": "zero", "categories": [1], "comments": []}}, {"model": "main.post", "pk": 8, "fields": {"title": "post number 3", "slug": "post-number-3", "user": 1, "content": "<p>Content of the third posty.</p>", "date": "2021-04-25T20:03:33.488Z", "approved": true, "closed": true, "state": "zero", "categories": [1], "comments": [1, 3]}}, {"model": "main.post", "pk": 9, "fields": {"title": "post number 4", "slug": "post-number-4", "user": 1, "content": "Content of the fourth post.", "date": "2021-04-25T20:04:08.071Z", "approved": true, "closed": false, "state": "zero", "categories": [1], "comments": []}}, {"model": "main.post", "pk": 10, "fields": {"title": "post number 5", "slug": "post-number-5", "user": 1, "content": "The content of the fifth post.", "date": "2021-04-25T20:04:24.533Z", "approved": true, "closed": false, "state": "zero", "categories": [1], "comments": []}}, {"model": "main.post", "pk": 11, "fields": {"title": "post number 6", "slug": "post-number-6", "user": 1, "content": "The sixth post", "date": "2021-04-25T20:04:38.735Z", "approved": true, "closed": false, "state": "zero", "categories": [1], "comments": []}}, {"model": "main.post", "pk": 14, "fields": {"title": "dreadful", "slug": "dreadful", "user": 7, "content": "this project is dreadful", "date": "2021-07-31T11:23:34.191Z", "approved": false, "closed": false, "state": "zero", "categories": [4], "comments": []}}, {"model": "main.post", "pk": 15, "fields": {"title": "rat hole", "slug": "rat-hole", "user": 9, "content": "whats in the rat hole", "date": "2021-07-31T22:09:46.543Z", "approved": false, "closed": false, "state": "zero", "categories": [4], "comments": []}}, {"model": "main.post", "pk": 16, "fields": {"title": "this is a new post", "slug": "this-is-a-new-post", "user": 10, "content": "this post contains nothing", "date": "2021-08-01T16:21:50.860Z", "approved": false, "closed": false, "state": "zero", "categories": [4], "comments": []}}, {"model": "main.post", "pk": 17, "fields": {"title": "artificial intelligence", "slug": "artificial-intelligence", "user": 10, "content": "What is artificial intelligence? i need your views", "date": "2021-08-01T16:26:12.686Z", "approved": false, "closed": false, "state": "zero", "categories": [3], "comments": [10]}}, {"model": "main.post", "pk": 18, "fields": {"title": "Jokes", "slug": "jokes", "user": 11, "content": "<p>Fuck you asshole</p>", "date": "2021-08-01T18:14:23.726Z", "approved": true, "closed": false, "state": "zero", "categories": [4], "comments": [12]}}, {"model": "main.post", "pk": 19, "fields": {"title": "Sitty posts", "slug": "sitty-posts", "user": 11, "content": "posting profane tests in this forum is prohibited", "date": "2021-08-01T18:22:43.330Z", "approved": false, "closed": false, "state": "zero", "categories": [2], "comments": []}}, {"model": "main.post", "pk": 20, "fields": {"title": "Learn", "slug": "learn", "user": 10, "content": "<p>learn what is necessary.</p>", "date": "2021-08-02T18:54:34.504Z", "approved": true, "closed": false, "state": "zero", "categories": [1], "comments": [17, 18]}}, {"model": "main.post", "pk": 21, "fields": {"title": "Saddle", "slug": "saddle", "user": 10, "content": "this post is fucking stupid and it should  be censored. shit happens", "date": "2021-08-02T21:47:21.719Z", "approved": false, "closed": false, "state": "zero", "categories": [4], "comments": [20]}}, {"model": "main.post", "pk": 22, "fields": {"title": "wordpress", "slug": "wordpress", "user": 10, "content": "wordpress is a content management", "date": "2021-08-03T14:33:46.798Z", "approved": false, "closed": false, "state": "zero", "categories": [2], "comments": [19]}}, {"model": "hitcount.hitcount", "pk": 3, "fields": {"hits": 8, "modified": "2021-08-02T18:16:34.233Z", "content_type": 9, "object_pk": 4}}, {"model": "hitcount.hitcount", "pk": 4, "fields": {"hits": 5, "modified": "2021-08-01T16:32:24.815Z", "content_type": 9, "object_pk": 5}}, {"model": "hitcount.hitcount", "pk": 5, "fields": {"hits": 1, "modified": "2021-06-18T09:45:42.083Z", "content_type": 9, "object_pk": 6}}, {"model": "hitcount.hitcount", "pk": 6, "fields": {"hits": 0, "modified": "2021-04-25T20:05:54.197Z", "content_type": 9, "object_pk": 7}}, {"model": "hitcount.hitcount", "pk": 7, "fields": {"hits": 1, "modified": "2021-06-18T09:41:27.976Z", "content_type": 9, "object_pk": 8}}, {"model": "hitcount.hitcount", "pk": 8, "fields": {"hits": 2, "modified": "2021-07-30T17:49:46.667Z", "content_type": 9, "object_pk": 9}}, {"model": "hitcount.hitcount", "pk": 9, "fields": {"hits": 1, "modified": "2021-07-30T17:49:53.896Z", "content_type": 9, "object_pk": 10}}, {"model": "hitcount.hitcount", "pk": 10, "fields": {"hits": 3, "modified": "2021-08-09T11:10:50.724Z", "content_type": 9, "object_pk": 11}}, {"model": "hitcount.hitcount", "pk": 13, "fields": {"hits": 1, "modified": "2021-07-31T11:25:43.389Z", "content_type": 9, "object_pk": 14}}, {"model": "hitcount.hitcount", "pk": 14, "fields": {"hits": 1, "modified": "2021-07-31T22:10:00.227Z", "content_type": 9, "object_pk": 15}}, {"model": "hitcount.hitcount", "pk": 15, "fields": {"hits": 1, "modified": "2021-08-01T16:23:00.914Z", "content_type": 9, "object_pk": 16}}, {"model": "hitcount.hitcount", "pk": 16, "fields": {"hits": 1, "modified": "2021-08-01T16:32:48.043Z", "content_type": 9, "object_pk": 17}}, {"model": "hitcount.hitcount", "pk": 17, "fields": {"hits": 2, "modified": "2021-08-01T18:16:37.505Z", "content_type": 9, "object_pk": 18}}, {"model": "hitcount.hitcount", "pk": 18, "fields": {"hits": 4, "modified": "2021-08-03T14:05:22.456Z", "content_type": 9, "object_pk": 19}}, {"model": "hitcount.hitcount", "pk": 19, "fields": {"hits": 4, "modified": "2021-08-04T21:06:39.104Z", "content_type": 9, "object_pk": 20}}, {"model": "hitcount.hitcount", "pk": 20, "fields": {"hits": 3, "modified": "2021-08-09T11:11:54.353Z", "content_type": 9, "object_pk": 21}}, {"model": "hitcount.hitcount", "pk": 21, "fields": {"hits": 2, "modified": "2021-08-03T14:34:32.881Z", "content_type": 9, "object_pk": 22}}, {"model": "hitcount.hit", "pk": 3, "fields": {"created": "2021-04-23T16:55:18.379Z", "ip": "127.0.0.1", "session": "d32xowtrimc1kj7bpm59xbweyln2xm5t", "user_agent": "Mozilla/5.0 (Windows NT 10.0; Win64; x64) AppleWebKit/537.36 (KHTML, like Gecko) Chrome/87.0.4280.141 Safari/537.36", "user": 1, "hitcount": 3}}, {"model": "hitcount.hit", "pk": 5, "fields": {"created": "2021-04-25T18:41:39.683Z", "ip": "127.0.0.1", "session": "d32xowtrimc1kj7bpm59xbweyln2xm5t", "user_agent": "Mozilla/5.0 (Windows NT 10.0; Win64; x64) AppleWebKit/537.36 (KHTML, like Gecko) Chrome/90.0.4430.85 Safari/537.36", "user": 1, "hitcount": 4}}, {"model": "hitcount.hit", "pk": 6, "fields": {"created": "2021-04-25T20:11:31.379Z", "ip": "127.0.0.1", "session": "d32xowtrimc1kj7bpm59xbweyln2xm5t", "user_agent": "Mozilla/5.0 (Windows NT 10.0; Win64; x64) AppleWebKit/537.36 (KHTML, like Gecko) Chrome/90.0.4430.85 Safari/537.36", "user": 1, "hitcount": 8}}, {"model": "hitcount.hit", "pk": 9, "fields": {"created": "2021-06-18T08:20:19.710Z", "ip": "127.0.0.1", "session": "blcgilsl7gpx1twgi8o9yff3y3jwro4m", "user_agent": "Mozilla/5.0 (Windows NT 10.0; Win64; x64) AppleWebKit/537.36 (KHTML, like Gecko) Chrome/91.0.4472.106 Safari/537.36 Edg/91.0.864.53", "user": 5, "hitcount": 4}}, {"model": "hitcount.hit", "pk": 10, "fields": {"created": "2021-06-18T09:10:34.466Z", "ip": "127.0.0.1", "session": "nfnnb97s840bvry62jw2au4tctx1y4mq", "user_agent": "Mozilla/5.0 (Windows NT 10.0; Win64; x64; rv:89.0) Gecko/20100101 Firefox/89.0", "user": 1, "hitcount": 4}}, {"model": "hitcount.hit", "pk": 12, "fields": {"created": "2021-06-18T09:41:27.982Z", "ip": "127.0.0.1", "session": "nfnnb97s840bvry62jw2au4tctx1y4mq", "user_agent": "Mozilla/5.0 (Windows NT 10.0; Win64; x64; rv:89.0) Gecko/20100101 Firefox/89.0", "user": 1, "hitcount": 7}}, {"model": "hitcount.hit", "pk": 13, "fields": {"created": "2021-06-18T09:45:42.094Z", "ip": "127.0.0.1", "session": "nfnnb97s840bvry62jw2au4tctx1y4mq", "user_agent": "Mozilla/5.0 (Windows NT 10.0; Win64; x64; rv:89.0) Gecko/20100101 Firefox/89.0", "user": 1, "hitcount": 5}}, {"model": "hitcount.hit", "pk": 14, "fields": {"created": "2021-06-18T09:48:16.026Z", "ip": "127.0.0.1", "session": "blcgilsl7gpx1twgi8o9yff3y3jwro4m", "user_agent": "Mozilla/5.0 (Windows NT 10.0; Win64; x64) AppleWebKit/537.36 (KHTML, like Gecko) Chrome/91.0.4472.106 Safari/537.36 Edg/91.0.864.53", "user": 5, "hitcount": 3}}, {"model": "hitcount.hit", "pk": 22, "fields": {"created": "2021-07-30T17:49:46.685Z", "ip": "127.0.0.1", "session": "y9zkjhtlajt5tz9n68wz3v34hdayh2v5", "user_agent": "Mozilla/5.0 (Windows NT 10.0; WOW64) AppleWebKit/537.36 (KHTML, like Gecko) Chrome/90.0.4430.222 Safari/537.36", "user": null, "hitcount": 8}}, {"model": "hitcount.hit", "pk": 23, "fields": {"created": "2021-07-30T17:49:53.916Z", "ip": "127.0.0.1", "session": "y9zkjhtlajt5tz9n68wz3v34hdayh2v5", "user_agent": "Mozilla/5.0 (Windows NT 10.0; WOW64) AppleWebKit/537.36 (KHTML, like Gecko) Chrome/90.0.4430.222 Safari/537.36", "user": null, "hitcount": 9}}, {"model": "hitcount.hit", "pk": 24, "fields": {"created": "2021-07-30T18:09:43.759Z", "ip": "127.0.0.1", "session": "y9zkjhtlajt5tz9n68wz3v34hdayh2v5", "user_agent": "Mozilla/5.0 (Windows NT 10.0; WOW64) AppleWebKit/537.36 (KHTML, like Gecko) Chrome/90.0.4430.222 Safari/537.36", "user": null, "hitcount": 10}}, {"model": "hitcount.hit", "pk": 28, "fields": {"created": "2021-07-31T11:25:43.404Z", "ip": "127.0.0.1", "session": "w08bcvmleoporje75ruzfdtcj9e6j959", "user_agent": "Mozilla/5.0 (Windows NT 10.0; Win64; x64; rv:90.0) Gecko/20100101 Firefox/90.0", "user": 9, "hitcount": 13}}, {"model": "hitcount.hit", "pk": 33, "fields": {"created": "2021-07-31T22:08:59.161Z", "ip": "127.0.0.1", "session": "4qyhg4chrxy5rlsny3mqjedb92fo2gh9", "user_agent": "Mozilla/5.0 (Windows NT 10.0; Win64; x64; rv:90.0) Gecko/20100101 Firefox/90.0", "user": 11, "hitcount": 3}}, {"model": "hitcount.hit", "pk": 34, "fields": {"created": "2021-07-31T22:10:00.246Z", "ip": "127.0.0.1", "session": "4qyhg4chrxy5rlsny3mqjedb92fo2gh9", "user_agent": "Mozilla/5.0 (Windows NT 10.0; Win64; x64; rv:90.0) Gecko/20100101 Firefox/90.0", "user": 11, "hitcount": 14}}, {"model": "hitcount.hit", "pk": 36, "fields": {"created": "2021-08-01T16:03:19.929Z", "ip": "127.0.0.1", "session": "scihrohwracsfwrz2n8nl7rl29zztl17", "user_agent": "Mozilla/5.0 (Windows NT 10.0; Win64; x64; rv:90.0) Gecko/20100101 Firefox/90.0", "user": null, "hitcount": 3}}, {"model": "hitcount.hit", "pk": 37, "fields": {"created": "2021-08-01T16:09:45.850Z", "ip": "127.0.0.1", "session": "3gpddmmjgxrh9j45hgvkgthkkimdncej", "user_agent": "Mozilla/5.0 (Windows NT 10.0; WOW64) AppleWebKit/537.36 (KHTML, like Gecko) Chrome/90.0.4430.222 Safari/537.36", "user": 12, "hitcount": 4}}, {"model": "hitcount.hit", "pk": 39, "fields": {"created": "2021-08-01T16:23:00.934Z", "ip": "127.0.0.1", "session": "1j0ut7j9qjwrt38asyqteymd1d50inkh", "user_agent": "Mozilla/5.0 (Windows NT 10.0; WOW64) AppleWebKit/537.36 (KHTML, like Gecko) Chrome/90.0.4430.222 Safari/537.36", "user": 12, "hitcount": 15}}, {"model": "hitcount.hit", "pk": 40, "fields": {"created": "2021-08-01T16:24:28.475Z", "ip": "127.0.0.1", "session": "1j0ut7j9qjwrt38asyqteymd1d50inkh", "user_agent": "Mozilla/5.0 (Windows NT 10.0; WOW64) AppleWebKit/537.36 (KHTML, like Gecko) Chrome/90.0.4430.222 Safari/537.36", "user": 12, "hitcount": 3}}, {"model": "hitcount.hit", "pk": 41, "fields": {"created": "2021-08-01T16:32:24.841Z", "ip": "127.0.0.1", "session": "xwr7wke8ghp03dpftn80j75g9kwjqm1n", "user_agent": "Mozilla/5.0 (Windows NT 10.0; WOW64) AppleWebKit/537.36 (KHTML, like Gecko) Chrome/90.0.4430.222 Safari/537.36", "user": 13, "hitcount": 4}}, {"model": "hitcount.hit", "pk": 42, "fields": {"created": "2021-08-01T16:32:48.067Z", "ip": "127.0.0.1", "session": "xwr7wke8ghp03dpftn80j75g9kwjqm1n", "user_agent": "Mozilla/5.0 (Windows NT 10.0; WOW64) AppleWebKit/537.36 (KHTML, like Gecko) Chrome/90.0.4430.222 Safari/537.36", "user": 13, "hitcount": 16}}, {"model": "hitcount.hit", "pk": 43, "fields": {"created": "2021-08-01T18:14:29.081Z", "ip": "127.0.0.1", "session": "7nucrznq80ys3plxu7wgpst8ty2c2omp", "user_agent": "Mozilla/5.0 (Windows NT 10.0; WOW64) AppleWebKit/537.36 (KHTML, like Gecko) Chrome/90.0.4430.222 Safari/537.36", "user": 13, "hitcount": 17}}, {"model": "hitcount.hit", "pk": 44, "fields": {"created": "2021-08-01T18:16:37.531Z", "ip": "127.0.0.1", "session": "3swuzhac06k7solw6aiz328dnlht0yu7", "user_agent": "Mozilla/5.0 (Windows NT 10.0; WOW64) AppleWebKit/537.36 (KHTML, like Gecko) Chrome/90.0.4430.222 Safari/537.36", "user": 12, "hitcount": 17}}, {"model": "hitcount.hit", "pk": 45, "fields": {"created": "2021-08-01T18:22:48.285Z", "ip": "127.0.0.1", "session": "9d1b49r4dyy59hiofd1ue9foj5g6lkea", "user_agent": "Mozilla/5.0 (Windows NT 10.0; WOW64) AppleWebKit/537.36 (KHTML, like Gecko) Chrome/90.0.4430.222 Safari/537.36", "user": 13, "hitcount": 18}}, {"model": "hitcount.hit", "pk": 46, "fields": {"created": "2021-08-01T20:23:37.580Z", "ip": "127.0.0.1", "session": "mtk34cro8te9qkoy40ry91w35nbayjzj", "user_agent": "Mozilla/5.0 (Windows NT 10.0; WOW64) AppleWebKit/537.36 (KHTML, like Gecko) Chrome/90.0.4430.222 Safari/537.36", "user": null, "hitcount": 18}}, {"model": "hitcount.hit", "pk": 47, "fields": {"created": "2021-08-02T15:16:52.941Z", "ip": "127.0.0.1", "session": "k168hvr9xt4zymo8l59akw30ivobt0pv", "user_agent": "Mozilla/5.0 (Windows NT 10.0; WOW64) AppleWebKit/537.36 (KHTML, like Gecko) Chrome/90.0.4430.222 Safari/537.36", "user": null, "hitcount": 3}}, {"model": "hitcount.hit", "pk": 48, "fields": {"created": "2021-08-02T15:17:15.237Z", "ip": "127.0.0.1", "session": "k168hvr9xt4zymo8l59akw30ivobt0pv", "user_agent": "Mozilla/5.0 (Windows NT 10.0; WOW64) AppleWebKit/537.36 (KHTML, like Gecko) Chrome/90.0.4430.222 Safari/537.36", "user": null, "hitcount": 18}}, {"model": "hitcount.hit", "pk": 49, "fields": {"created": "2021-08-02T16:22:52.289Z", "ip": "127.0.0.1", "session": "rey1keopjytltfkwv3e1gq994gbyb1km", "user_agent": "Mozilla/5.0 (Windows NT 10.0; WOW64) AppleWebKit/537.36 (KHTML, like Gecko) Chrome/90.0.4430.222 Safari/537.36", "user": 13, "hitcount": 3}}, {"model": "hitcount.hit", "pk": 50, "fields": {"created": "2021-08-02T18:16:34.246Z", "ip": "127.0.0.1", "session": "bil9vz1zo9p69rygbn8rghafbsx4c8cc", "user_agent": "Mozilla/5.0 (Windows NT 10.0; WOW64) AppleWebKit/537.36 (KHTML, like Gecko) Chrome/90.0.4430.222 Safari/537.36", "user": null, "hitcount": 3}}, {"model": "hitcount.hit", "pk": 51, "fields": {"created": "2021-08-02T18:55:21.470Z", "ip": "127.0.0.1", "session": "cv133o3aep1umr4wm2k2uf1afzwo72kn", "user_agent": "Mozilla/5.0 (Windows NT 10.0; WOW64) AppleWebKit/537.36 (KHTML, like Gecko) Chrome/90.0.4430.222 Safari/537.36", "user": 12, "hitcount": 19}}, {"model": "hitcount.hit", "pk": 52, "fields": {"created": "2021-08-02T21:44:07.174Z", "ip": "127.0.0.1", "session": "scihrohwracsfwrz2n8nl7rl29zztl17", "user_agent": "Mozilla/5.0 (Windows NT 10.0; Win64; x64; rv:90.0) Gecko/20100101 Firefox/90.0", "user": null, "hitcount": 10}}, {"model": "hitcount.hit", "pk": 53, "fields": {"created": "2021-08-02T21:47:46.717Z", "ip": "127.0.0.1", "session": "t79hpibah7qrle4rplqhm86729puyfsb", "user_agent": "Mozilla/5.0 (Windows NT 10.0; Win64; x64; rv:90.0) Gecko/20100101 Firefox/90.0", "user": 12, "hitcount": 20}}, {"model": "hitcount.hit", "pk": 54, "fields": {"created": "2021-08-03T07:43:56.710Z", "ip": "127.0.0.1", "session": "i5wu07zg9qs9i4a91h8sufh3iibxaeoy", "user_agent": "Mozilla/5.0 (Windows NT 10.0; Win64; x64; rv:90.0) Gecko/20100101 Firefox/90.0", "user": null, "hitcount": 19}}, {"model": "hitcount.hit", "pk": 55, "fields": {"created": "2021-08-03T14:04:57.484Z", "ip": "127.0.0.1", "session": "sk1ryvwhgwo0dim1ndi5a0y1kn9sn7q1", "user_agent": "Mozilla/5.0 (Windows NT 10.0; Win64; x64) AppleWebKit/537.36 (KHTML, like Gecko) Chrome/92.0.4515.107 Safari/537.36", "user": null, "hitcount": 19}}, {"model": "hitcount.hit", "pk": 56, "fields": {"created": "2021-08-03T14:05:22.477Z", "ip": "127.0.0.1", "session": "sk1ryvwhgwo0dim1ndi5a0y1kn9sn7q1", "user_agent": "Mozilla/5.0 (Windows NT 10.0; Win64; x64) AppleWebKit/537.36 (KHTML, like Gecko) Chrome/92.0.4515.107 Safari/537.36", "user": null, "hitcount": 18}}, {"model": "hitcount.hit", "pk": 57, "fields": {"created": "2021-08-03T14:33:56.925Z", "ip": "127.0.0.1", "session": "6ozex7fs09ot0hrir3usr7msd3615ciu", "user_agent": "Mozilla/5.0 (Windows NT 10.0; Win64; x64; rv:90.0) Gecko/20100101 Firefox/90.0", "user": 12, "hitcount": 21}}, {"model": "hitcount.hit", "pk": 58, "fields": {"created": "2021-08-03T14:34:32.911Z", "ip": "127.0.0.1", "session": "f7saq4hst6rh2q83bai3yiyb0a0sefxr", "user_agent": "Mozilla/5.0 (Windows NT 10.0; Win64; x64; rv:90.0) Gecko/20100101 Firefox/90.0", "user": 13, "hitcount": 21}}, {"model": "hitcount.hit", "pk": 59, "fields": {"created": "2021-08-04T21:06:39.130Z", "ip": "127.0.0.1", "session": "z3c5r05knk7uiw8j2lqj2eh1sv8q4mkw", "user_agent": "Mozilla/5.0 (Windows NT 10.0; Win64; x64; rv:90.0) Gecko/20100101 Firefox/90.0", "user": 13, "hitcount": 19}}, {"model": "hitcount.hit", "pk": 60, "fields": {"created": "2021-08-09T11:10:50.743Z", "ip": "127.0.0.1", "session": "pyr2h3pq4ycv8xalsafzv7y9ijqmft2j", "user_agent": "Mozilla/5.0 (Windows NT 10.0; Win64; x64; rv:90.0) Gecko/20100101 Firefox/90.0", "user": null, "hitcount": 10}}, {"model": "hitcount.hit", "pk": 61, "fields": {"created": "2021-08-09T11:10:59.266Z", "ip": "127.0.0.1", "session": "pyr2h3pq4ycv8xalsafzv7y9ijqmft2j", "user_agent": "Mozilla/5.0 (Windows NT 10.0; Win64; x64; rv:90.0) Gecko/20100101 Firefox/90.0", "user": null, "hitcount": 20}}, {"model": "hitcount.hit", "pk": 62, "fields": {"created": "2021-08-09T11:11:54.380Z", "ip": "127.0.0.1", "session": "6ca0i67kva8i4tkhez27a535aula4bfi", "user_agent": "Mozilla/5.0 (Windows NT 10.0; Win64; x64; rv:90.0) Gecko/20100101 Firefox/90.0", "user": 13, "hitcount": 20}}, {"model": "taggit.tag", "pk": 1, "fields": {"name": "django", "slug": "django"}}, {"model": "taggit.tag", "pk": 2, "fields": {"name": "zeyt", "slug": "zeyt"}}, {"model": "taggit.tag", "pk": 3, "fields": {"name": "ai", "slug": "ai"}}, {"model": "taggit.tag", "pk": 4, "fields": {"name": "post", "slug": "post"}}, {"model": "taggit.tag", "pk": 5, "fields": {"name": "tag", "slug": "tag"}}, {"model": "taggit.tag", "pk": 6, "fields": {"name": "laravel", "slug": "laravel"}}, {"model": "taggit.tag", "pk": 7, "fields": {"name": "dread", "slug": "dread"}}, {"model": "taggit.tag", "pk": 8, "fields": {"name": "rat", "slug": "rat"}}, {"model": "taggit.tag", "pk": 9, "fields": {"name": "AI", "slug": "ai_1"}}, {"model": "taggit.tag", "pk": 10, "fields": {"name": "joke", "slug": "joke"}}, {"model": "taggit.tag", "pk": 11, "fields": {"name": "profanity", "slug": "profanity"}}, {"model": "taggit.tag", "pk": 12, "fields": {"name": "learn", "slug": "learn"}}, {"model": "taggit.tag", "pk": 13, "fields": {"name": "profane", "slug": "profane"}}, {"model": "taggit.tag", "pk": 14, "fields": {"name": "cms", "slug": "cms"}}, {"model": "taggit.taggeditem", "pk": 4, "fields": {"tag": 1, "content_type": 9, "object_id": 4}}, {"model": "taggit.taggeditem", "pk": 5, "fields": {"tag": 3, "content_type": 9, "object_id": 5}}, {"model": "taggit.taggeditem", "pk": 6, "fields": {"tag": 4, "content_type": 9, "object_id": 6}}, {"model": "taggit.taggeditem", "pk": 7, "fields": {"tag": 4, "content_type": 9, "object_id": 7}}, {"model": "taggit.taggeditem", "pk": 8, "fields": {"tag": 4, "content_type": 9, "object_id": 8}}, {"model": "taggit.taggeditem", "pk": 9, "fields": {"tag": 4, "content_type": 9, "object_id": 9}}, {"model": "taggit.taggeditem", "pk": 10, "fields": {"tag": 4, "content_type": 9, "object_id": 10}}, {"model": "taggit.taggeditem", "pk": 11, "fields": {"tag": 4, "content_type": 9, "object_id": 11}}, {"model": "taggit.taggeditem", "pk": 14, "fields": {"tag": 7, "content_type": 9, "object_id": 14}}, {"model": "taggit.taggeditem", "pk": 15, "fields": {"tag": 8, "content_type": 9, "object_id": 15}}, {"model": "taggit.taggeditem", "pk": 16, "fields": {"tag": 4, "content_type": 9, "object_id": 16}}, {"model": "taggit.taggeditem", "pk": 17, "fields": {"tag": 9, "content_type": 9, "object_id": 17}}, {"model": "taggit.taggeditem", "pk": 18, "fields": {"tag": 10, "content_type": 9, "object_id": 18}}, {"model": "taggit.taggeditem", "pk": 19, "fields": {"tag": 11, "content_type": 9, "object_id": 19}}, {"model": "taggit.taggeditem", "pk": 20, "fields": {"tag": 12, "content_type": 9, "object_id": 20}}, {"model": "taggit.taggeditem", "pk": 21, "fields": {"tag": 13, "content_type": 9, "object_id": 21}}, {"model": "taggit.taggeditem", "pk": 22, "fields": {"tag": 14, "content_type": 9, "object_id": 22}}]